source_doc,line,sentence,following_context
Approved_Document_B_vol_1,5304,NOTE: Transposition to a national class (Table B1) does not apply to the classification in this,paragraph.
Approved_Document_B_vol_2,4742,9.10  Table 9.1 does not apply to any of the following cavities.,a. | A cavity in a wall that is fire resisting only because it is loadbearing.
Approved_Document_L_Volume_1_Content.txt,3562,"no less than that of the existing system, except where a smaller system can be demonstrated to be",more appropriate or effective (e.g.
Approved_Document_B_vol_2,886,closing device (but need not necessarily be fire resisting).,"22  Approved Document B Volume 2, 2019 edition"
Approved_Document_7,252,1.20 Regulation 46 does not apply to any work specified in an initial notice or to any work for which a,final certificate has been given by an approved inspector and accepted by the local authority.
Approved_Document_F_V1,1902,"a requirement, but does not apply to the provision or extension of any fixed system for mechanical",ventilation or any associated controls where testing and adjustment is not possible.
Approved_Document_B_vol_1,3692,"Have the appropriate fire resistance given in Appendix B, Table B3, except for uninsulated glazed",screens that meet the provisions of paragraph 7.24.
Approved_Document_B_vol_2,9407,"in the European column, therefore products cannot typically assume a European class unless they",have been tested accordingly.
Approved_Document M_V2_Content.txt,526,"b. switches for permanently wired appliances are located between 400mm and 1200mm above the floor , unless needed at a higher level for particular appliances ;",c. all switches and controls that require precise hand movements are located between 750mm and 1200mm above the floor ; | d. simple push button controls that require limited dexterity are not more tha
Approved_Document_E,7631,"void and roof space, the solid wall need not be",continuous to the underside of the structural floor
Approved_Document_L_Volume_2_Content.txt,282,standards in this approved document unless there is a need to match the external appearance or,character of the extension to that of the host building.
Approved_Document_M_vol_1,655,(d)  does not apply to any part of a building that is,used solely to enable the building or any service
Approved_Document_L_Volume_1_Content.txt,744,"notional building, except wastewater heat recovery, should remain as outlined in Table 1.1.","NOTE: For a dwelling that is connected to a new district heat network, the notional building used"
Approved_Document_B_vol_2,547,S should be selfclosing re doorsets unless the,area is subdivided such that any re in that area
Approved_Document_B_vol_2,4210,"Have the appropriate fire resistance given in Appendix B, Table B3, except for uninsulated glazed",screens that meet the provisions of paragraph 8.34.
Approved_Document_B_vol_2,3918,storage and other nonresidential (except car parks for light vehicles) purpose groups (purpose,groups 3 to 7(a)) require sprinklers where there is a top storey above 30m.
Approved_Document_K,1180,"Doors that do not swing across landings, except where they comply with paragraph 1.21c.","c.  For access for maintenance, see paragraph 1.42. | For dwellings"
Approved_Document_F_V1,2384,provided by mechanical ventilation need not be,"constant but may be varied, under either manual or"
Approved_Document_B_vol_2,5931,"Only contain materials achieving class A1 or A2s1, d0, except for any of the following.",Cavity trays when used between two leaves of masonry. | Intumescent and firestopping materials where the inclusion of the materials is necessary to
Approved_Document_E,161,do not require anything to be done except for the,purpose of securing reasonable standards of health
Approved_Document_F_V1,101,in this approved document unless there is a need to match the external appearance or character of,the extension to that of the host building.
Approved_Document_M_vol_1,2102,"a minimum of 800mm from the corner, as shown in Diagram 3.5, unless a 1500mm turning circle",is provided immediately outside the door.
Approved_Document_L_Volume_1_Content.txt,3749,"(b)  where that regulation does not apply, not more than 30 days after completion of the work.",Building Regulations 2010
Approved_Document_B_vol_1,2171,"B1Materials achieving class Bs3, d2 or worse may be added to the top horizontal surface, except on",firefighting stairs.
Approved_Document_L_Volume_2_Content.txt,4187,"(b)  where that regulation does not apply, not more than 30 days after completion of the work.",Building Regulations 2010
Approved_Document_F_V1,1907,"requirement, but does not apply to the provision or extension of any fixed building service where testing",and adjustment is not possible or would not affect the energy efficiency of that fixed building service.
Approved_Document_B_vol_2,1869,"Materials achieving class Bs3, d2 or worse may be added to the top horizontal surface, except on",firefighting stairs.
Approved_Document_B_vol_1,2941,"A structure that supports only a roof, unless either of the following applies.","The roof performs the function of a floor, such as a roof terrace, or as a means of escape. | ii."
Approved_Document_J,3073,than one room or space except for the purposes of:,a.  inspection or cleaning; or
Approved_Document_B_vol_2,8961,"Travel distance (unless otherwise specified, e.g.",as in the case of flats) The distance that a person
Approved_Document_R_vol_1,39,"renovation works (paragraph R1 does not apply to building work to which paragraph RA1 applies,",e.g.
Approved_Document_B_vol_2,1991,This does not apply if there are alternative escape routes from the foot of the external,escape stair.
Approved_Document_M_vol_1,3411,unless fitted with a remote opening device that is within this height range.,"e.  Handles to all other windows are 4501200mm above floor level, unless the window is fitted"
Approved_Document_S,2152,"by a roof, except garages or carports that are","intended to be used solely by the occupant of,"
Approved_Document_B_vol_1,5196,This restriction does not apply to masonry cavity wall,construction which complies with Diagram 8.2 in Section 8.
Approved_Document_B_vol_2,1983,1100mm above the top landing of the stair (except where the stair leads from basement to,ground level).
Approved_Document_L_Volume_2_Content.txt,4153,"a requirement, but does not apply to the provision or extension of any fixed building service where",testing and adjustment is not possible or would not affect the energy efficiency of that fixed building
Approved_Document_B_vol_1,3584,the deflection may be assumed to be 40mm unless a smaller value can be justified by assessment.,"Outside this area, the limit can be reduced linearly to zero at the supports. | For steel beams that do not have the required fire resistance, reference should be made to SCI"
Approved_Document_B_vol_2,4565,This does not apply where a wall meets the conditions of Diagram 9.2.,It is not appropriate to complete a line of compartment walls by fitting cavity barriers above them. | The compartment wall should extend to the underside of the floor or roof above.
Approved_Document_B_vol_1,3949,This does not apply where a wall meets the conditions of Diagram 8.2.,It is not appropriate to complete a line of compartment walls by fitting cavity barriers above them. | The compartment walls should extend to the underside of the floor or roof above.
Approved_Document_S,777,except where the cost of that installation exceeds 7 of the total cost of the major renovation.,(5)   The requirements of paragraph S3 of Schedule 1 do not apply to a residential building which is undergoing
Approved_Document_F_V2,91,this approved document unless there is a need to match the external appearance or character of,the extension to that of the host building.
Approved_Document_S,1284,"number of parking spaces, except where the cost of that installation exceeds 7 of the total cost of",the major renovation.
Approved_Document M_V2_Content.txt,330,"g. any door opening towards a corridor , which is a major access route or an escape route , should be recessed so that, when fully open, it does not project into the corridor space , except where the doors are to minor utility facilities , such as small store rooms and locked duct cupboards;","h. any door from a unisex wheelchair-accessible toilet projects when open into a corridor that is not a major access route or an escape route , provided the corridor is at least 1800mm wide at that po"
Approved_Document_M_vol_1,3524,is permitted within a clear turning space unless,stated otherwise.
Approved_Document_K,472,"Regulations, unless the specific requirement of health and safety regulations are themselves more",onerous.
Approved_Document_J,570,within a smoke control area unless it is used in an,exempt appliance.
Approved_Document_C,4038,requirement if it is built as follows (unless it is,"subject to groundwater pressure, in which case"
Approved_Document_M_vol_1,1465,unless fitted with a remote opening device that is within this height range.,e.  Either:
Approved_Document_B_vol_2,4654,c.  The inner leaf is not penetrated except by a sleeve not,"more than 8080mm, which is restopped."
Approved_Document_P,629,installing a builtin cooker is not notifiable work unless a new cooker circuit is needed,"b.  connecting an electric gate or garage door to an existing isolator switch is not notifiable work,"
Approved_Document_L_Volume_1_Content.txt,213,standards in this approved document unless there is a need to match the external appearance or,character of the extension to that of the host building.
Approved_Document_B_vol_2,2742,"5.32  Generally, lifts should not be used when there is a fire in the building, unless their use forms part",of a management plan for evacuating people and the following conditions are met.
Approved_Document_B_vol_2,4772,"the cavity is not normally accessible by people, unless there are openings in the floor such",that it is possible for materials to accumulate in the cavity (in which case cavity barriers
Approved_Document_J,5749,"provided at the base of a flue unless it is lined, or","constructed of flue blocks, or is a factorymade"
Approved_Document_H,472,another branch pipe or a discharge stack unless,the appliances discharge to a gully.
Approved_Document_B_vol_2,11407,"A fusible link, but not if the doorset is in an opening provided as a means of escape unless it",complies with paragraph C7.
Approved_Document_B_vol_1,1500,"c.  The stair does not connect to a covered car park, unless the car park is open sided (as defined",in Section 11 of Approved Document B Volume 2).
Approved_Document_H,7104,provision applies only to new buildings except,that extensions or conversions should not
Approved_Document M_V2_Content.txt,11,"An extension to a non-domestic building should be treated in the same manner as a new building, as regards its own compliance with Part M. Under Requirement M2 there must be suitable independent access to the extension where reasonably practicable. Under the Limits on Application, Requirement M2 doe","If the owners of a building prefer not to provide independent access to a planned extension, it is open to them either to demonstrate that the existing building and the approach to it already comply w"
Approved_Doc_G,2224,Requirement G3(3) does not apply to a system which heats or,stores water for the purposes only of an industrial process.
Approved_Document_H,7094,"containers should be sited so that, unless it is","completely unavoidable, the containers can be"
Approved_Document_B_vol_2,6018,NOTE: Transposition to a national class (Table B1) does not apply to the classification in this paragraph.,12.16 External walls and specified attachments are defined in regulation 2(6) and these definitions include
Approved_Document_L_Volume_2_Content.txt,6087,"automatic closers and, except where operational","requirements preclude it, be protected by a lobby."
Approved_Document_E,157,"Parts A to D, F to K and N (except for paragraphs",H2 and J7) of Schedule 1 to the Building Regulations
Approved_Document M_V2_Content.txt,613,"a. more than 40m on the same floor , unless a greater distance can be agreed with the building control body on the grounds that the circulation route is unobstructed, e.g. by the installation of doors with hold-open devices;","b. more than a 40m combined horizontal distance where the unisex toilet accommodation is on another floor of the building , but is accessible by passenger lift (if a lifting platform is installed , ve"
Approved_Document_J,5722,chimney and the liner should be left empty unless,this is contrary to the manufacturers instructions.
Approved_Document_F_V1,279,Requirement F1 does not apply to a building or,space within a building:
Approved_Document_H,7292,be secure to prevent access by vermin unless the,waste is to be stored in secure containers with
Approved_Document_B_vol_2,11772,"classifications, therefore products cannot typically assume a European class unless they have been tested accordingly.","2. | Unless pressurisation techniques that comply with BS EN 121016 are used, these doors should also comply with"
Approved_Document_G,3755,connected to a soil discharge stack unless it can,be demonstrated that the soil discharge stack is
Approved_Document_L_Volume_2_Content.txt,5804,"considered part of a display window, except where",either of the following applies.
Approved_Document_R_vol_2,16,"requirement R1 does not apply where requirement RA1 applies, e.g.",when new dwellings are
Approved_Document_B_vol_2,5405,"e.  All materials used in the construction should be class A1 rated, except for the following.","Any surface finish applied to a floor or roof of the car park (or within any building,"
Approved_Document_B_vol_1,2021,"device, except for a single exit door from the building to the top landing of a downward","leading external stair, provided it is the only door onto the landing."
Approved_Document_B_vol_1,1379,Does not apply if all flats on a storey have independent alternative means of escape.,4. | Sheltered housing may require reduced maximum travel distances.
Approved_Document_R_vol_1,979,communications network connection for each new dwelling erected unless the cost exceeds the,cost cap of 2000 per dwelling or the network operator declines to provide a connection.
Approved_Document_B_vol_2,1722,"At each storey except a top storey, stairs should be approached through a protected lobby or",protected corridor.
Approved_Document_G,3578,of the safety device unless its total equivalent,hydraulic resistance exceeds that of a straight
Approved_Document_J,3461,It is unlikely that a dwelling constructed prior to 2008 will have an air permeability of less than 5.0m3/(h.m2) at 50 Pa unless extensive measures have,been taken to improve airtightness.
